SUBJECT,DICE
118730.0,0.5694038617446676
117122.0,0.5344312115960962
120111.0,0.5419222676666273
122620.0,0.6042965007665081
124422.0,0.6224527781738723
118528.0,0.5199423626589171
123117.0,0.5595913679083894
122317.0,0.5916138736855986
123925.0,0.572884931567493
118932.0,0.5557617464570159
