SUBJECT,DICE
118730.0,0.474307358749283
117122.0,0.4504162223951496
120111.0,0.47245907556514566
122620.0,0.5124709119365448
124422.0,0.5477619189178287
118528.0,0.4557364334798928
123117.0,0.42821494080984257
122317.0,0.5069110180738122
123925.0,0.4858173011898512
118932.0,0.4495851936092139
