SUBJECT,DICE
118730.0,0.5708841079906388
117122.0,0.5355816348794078
120111.0,0.5461146995659222
122620.0,0.6098904433352643
124422.0,0.6277252992558559
118528.0,0.5219252565771565
123117.0,0.5655622058060221
122317.0,0.5954225610041298
123925.0,0.5796330253346362
118932.0,0.5583117196013307
