SUBJECT,DICE
118730.0,0.5486663782065185
117122.0,0.5184652019841534
120111.0,0.5279936762287505
122620.0,0.5843622451525401
124422.0,0.6135661175171783
118528.0,0.5078692370429204
123117.0,0.5343630110726227
122317.0,0.5806598075987163
123925.0,0.5626790978233616
118932.0,0.5356818711287105
