SUBJECT,DICE
118730.0,0.5709593720353069
117122.0,0.533904244499145
120111.0,0.5441647889470449
122620.0,0.6082035684547271
124422.0,0.6279827248645916
118528.0,0.5226522431267899
123117.0,0.5670660584254158
122317.0,0.5954328186250487
123925.0,0.5771957962777631
118932.0,0.5575135289483446
