SUBJECT,DICE
118730.0,0.5339695409946618
117122.0,0.5006095165852262
120111.0,0.516139184792756
122620.0,0.5692804007842713
124422.0,0.5973212860041576
118528.0,0.4965969080251438
123117.0,0.49918060573885065
122317.0,0.5539589442478349
123925.0,0.542001756940893
118932.0,0.5144317644017931
