SUBJECT,DICE
118730.0,0.4734957648332598
117122.0,0.4478012643321494
120111.0,0.4806321940009936
122620.0,0.5087208364087215
124422.0,0.5333142999168605
118528.0,0.44898341295519856
123117.0,0.45352514217972667
122317.0,0.48935958318061595
123925.0,0.49320488840653176
118932.0,0.46829870734349016
