SUBJECT,DICE
118730.0,0.5564311087803896
117122.0,0.5188055240320921
120111.0,0.5329029360503122
122620.0,0.5895608460900594
124422.0,0.6112452612540746
118528.0,0.5117161577562036
123117.0,0.5384709905384514
122317.0,0.5824861884581343
123925.0,0.558149976190255
118932.0,0.5446947119876624
