SUBJECT,DICE
118730.0,0.5006684696855376
117122.0,0.4748608477208024
120111.0,0.4881959629609147
122620.0,0.518876250715255
124422.0,0.5421941013838315
118528.0,0.46648525571360455
123117.0,0.47611984147639574
122317.0,0.4914183726686605
123925.0,0.5000425948931024
118932.0,0.4989484929490405
