SUBJECT,DICE
118730.0,0.4530686413940507
117122.0,0.42851714714238476
120111.0,0.44908476247370444
122620.0,0.4599282483361216
124422.0,0.46788584508094655
118528.0,0.44313130698225967
123117.0,0.4341680180739782
122317.0,0.45101330750996504
123925.0,0.4537031666895603
118932.0,0.44722666312316006
