SUBJECT,DICE
118730.0,0.5355143961656391
117122.0,0.5080892064187672
120111.0,0.5218118774317322
122620.0,0.5518674657954474
124422.0,0.5939089500683002
118528.0,0.4848530733035486
123117.0,0.5018514680205236
122317.0,0.5503295187473188
123925.0,0.5290244533895277
118932.0,0.5229719624285232
