SUBJECT,DICE
118730.0,0.5342406351758969
117122.0,0.5136377891193635
120111.0,0.5228926111923201
122620.0,0.5535805144451322
124422.0,0.5946529814290915
118528.0,0.4892151084419177
123117.0,0.5095726080021187
122317.0,0.5538210804878394
123925.0,0.5349693223324785
118932.0,0.526442162032973
