SUBJECT,DICE
118730.0,0.480472964730802
117122.0,0.4131985029877853
120111.0,0.4393993070050406
122620.0,0.4741843634043089
124422.0,0.49723382039572256
118528.0,0.4045854329702272
123117.0,0.4093574129663024
122317.0,0.46485360472901865
123925.0,0.4556028036295913
118932.0,0.4424821647202328
