SUBJECT,DICE
118730.0,0.5288412798993046
117122.0,0.4922638474448028
120111.0,0.5102683047085347
122620.0,0.5375937168254885
124422.0,0.5808998739936041
118528.0,0.473186050713828
123117.0,0.4799587952088573
122317.0,0.5348857325259521
123925.0,0.5196132361557777
118932.0,0.5044213765081322
