SUBJECT,DICE
118730.0,0.5099868603695545
117122.0,0.49067305593602417
120111.0,0.5091739498725635
122620.0,0.5290376271450332
124422.0,0.5685000882135193
118528.0,0.478919090496672
123117.0,0.49849109146736575
122317.0,0.5362931917412093
123925.0,0.5195260995577733
118932.0,0.5097095674709493
