SUBJECT,DICE
118730.0,0.534015329328024
117122.0,0.5126035385093692
120111.0,0.5227391119207296
122620.0,0.5538710916679647
124422.0,0.5951644203783973
118528.0,0.48901002829108325
123117.0,0.5114712948004395
122317.0,0.5545588597871994
123925.0,0.5347468139987898
118932.0,0.5275413889504311
