SUBJECT,DICE
118730.0,0.4234354486842372
117122.0,0.40267166724971815
120111.0,0.4163918693230062
122620.0,0.45321024775138974
124422.0,0.48621253176845625
118528.0,0.3933016040114837
123117.0,0.390392270149837
122317.0,0.43489923347417875
123925.0,0.4240002807821852
118932.0,0.41161995249332256
