SUBJECT,DICE
118730.0,0.5210291474882143
117122.0,0.504583090656322
120111.0,0.5150197359084845
122620.0,0.5547806494877482
124422.0,0.5988049316557513
118528.0,0.48152332357941247
123117.0,0.5006988247225361
122317.0,0.551199204522723
123925.0,0.5410065389820927
118932.0,0.5153548778481455
