SUBJECT,DICE
118730.0,0.49040153170500683
117122.0,0.4702829271297183
120111.0,0.478567345102073
122620.0,0.5291159844424329
124422.0,0.5585932216982001
118528.0,0.44976673567886055
123117.0,0.4579668931735135
122317.0,0.5020606079499607
123925.0,0.5037607475354384
118932.0,0.48043917458888796
