SUBJECT,DICE
118730.0,0.45987871632188126
117122.0,0.43389811565027125
120111.0,0.4522602283670806
122620.0,0.47798797711102364
124422.0,0.5150512383551051
118528.0,0.41406587149962304
123117.0,0.40390372469881874
122317.0,0.4661574821306314
123925.0,0.4705008972538807
118932.0,0.4490600972128237
