SUBJECT,DICE
118730.0,0.5803943396308672
117122.0,0.5609070853323709
120111.0,0.569417245875516
122620.0,0.6105325679721914
124422.0,0.6382620161773502
118528.0,0.52783104313309
123117.0,0.5633747399059538
122317.0,0.6124132845165895
123925.0,0.5909331317592039
118932.0,0.5667917945611705
