SUBJECT,DICE
118730.0,0.5794008610144382
117122.0,0.5581603278225356
120111.0,0.5679509128457841
122620.0,0.6118313745429629
124422.0,0.6387372731936081
118528.0,0.5276216008161765
123117.0,0.5640303065934117
122317.0,0.6125641886821978
123925.0,0.5895820142172222
118932.0,0.5676629934926126
