SUBJECT,DICE
118730.0,0.5799121761416717
117122.0,0.5507949201759464
120111.0,0.557382459938343
122620.0,0.6091500168099435
124422.0,0.6380254763469879
118528.0,0.5200341180048899
123117.0,0.5524389092110779
122317.0,0.6035718552036112
123925.0,0.5848517171851898
118932.0,0.5652490199191551
