SUBJECT,DICE
118730.0,0.5571120598362888
117122.0,0.532238795641065
120111.0,0.5415286522580289
122620.0,0.5769121531337208
124422.0,0.6188830156871782
118528.0,0.5058378296225592
123117.0,0.5197118327078554
122317.0,0.585178264025838
123925.0,0.5627889983130986
118932.0,0.5414414204109695
