SUBJECT,DICE
118730.0,0.5376858677014594
117122.0,0.49103100035202984
120111.0,0.5211805770606167
122620.0,0.5611444668481771
124422.0,0.5684321734547256
118528.0,0.49957683974057554
123117.0,0.554332087240907
122317.0,0.5389600695421631
123925.0,0.5262308901899025
118932.0,0.5340924377383888
