SUBJECT,DICE
118730.0,0.5519189735677514
117122.0,0.5087389973988874
120111.0,0.5287631898101959
122620.0,0.5775323298905826
124422.0,0.5971562090781368
118528.0,0.4978955554474508
123117.0,0.5305211848723644
122317.0,0.5555416304373478
123925.0,0.5388697650051572
118932.0,0.533564219398416
