SUBJECT,DICE
118730.0,0.5443363216008967
117122.0,0.4976875723232775
120111.0,0.5241186903215546
122620.0,0.5696579732633094
124422.0,0.5877482846119768
118528.0,0.4949519093554872
123117.0,0.5236195140288376
122317.0,0.5491658721775592
123925.0,0.5359050001159766
118932.0,0.5274334411295506
