SUBJECT,DICE
118730.0,0.5507589653483684
117122.0,0.5079952927347093
120111.0,0.5276642988667742
122620.0,0.5773958898609608
124422.0,0.5976226793300387
118528.0,0.4992407300379168
123117.0,0.5314449105266298
122317.0,0.5552641533759644
123925.0,0.5381385956661968
118932.0,0.5322784467928532
