SUBJECT,DICE
118730.0,0.5188573311271544
117122.0,0.47177111297803415
120111.0,0.5065302084772091
122620.0,0.5430291493227652
124422.0,0.541373701914566
118528.0,0.464285980672732
123117.0,0.48427867159407323
122317.0,0.5090098794874863
123925.0,0.5098418489297382
118932.0,0.49610988864357075
