SUBJECT,DICE
118730.0,0.5447535507483093
117122.0,0.5060576870366382
120111.0,0.527731105506799
122620.0,0.5722143916450451
124422.0,0.5871229727532573
118528.0,0.5034081432240601
123117.0,0.5507732684788028
122317.0,0.5522013972184115
123925.0,0.5361672606641191
118932.0,0.537402739773473
