SUBJECT,DICE
118730.0,0.5469281155596373
117122.0,0.5042936047389741
120111.0,0.5253497263371361
122620.0,0.5733474463024978
124422.0,0.5929449725469432
118528.0,0.501002611019118
123117.0,0.5401822065239814
122317.0,0.5546452866193009
123925.0,0.5377593292325786
118932.0,0.5352248789734505
