SUBJECT,DICE
118730.0,0.548686941220014
117122.0,0.504742505966615
120111.0,0.5286728124826843
122620.0,0.5765179047457096
124422.0,0.5962093605786194
118528.0,0.49733143772632216
123117.0,0.529211615503455
122317.0,0.5548441163755604
123925.0,0.537534326538501
118932.0,0.5293511504347308
