LABEL;METRIC;STATISTIC;VALUE
Amygdala;ACURCY;MEAN;0.9993762282732022
Amygdala;ACURCY;STD;6.32193794967395e-05
Amygdala;DICE;MEAN;0.5244062845177678
Amygdala;DICE;STD;0.040925723401878104
Amygdala;HDRFDST;MEAN;21.614022636224256
Amygdala;HDRFDST;STD;4.542469095193203
GreyMatter;ACURCY;MEAN;0.9530448610991519
GreyMatter;ACURCY;STD;0.0019707462996017113
GreyMatter;DICE;MEAN;0.7058906123557883
GreyMatter;DICE;STD;0.011298572773875073
GreyMatter;HDRFDST;MEAN;3.0533563267331623
GreyMatter;HDRFDST;STD;0.9364908659450831
Hippocampus;ACURCY;MEAN;0.9981948958703277
Hippocampus;ACURCY;STD;0.00016014612504676494
Hippocampus;DICE;MEAN;0.5223414252850533
Hippocampus;DICE;STD;0.015624484721635487
Hippocampus;HDRFDST;MEAN;15.433261208855702
Hippocampus;HDRFDST;STD;1.383635956178449
Thalamus;ACURCY;MEAN;0.9986740499365496
Thalamus;ACURCY;STD;0.00016875396456877745
Thalamus;DICE;MEAN;0.7475301344052433
Thalamus;DICE;STD;0.023651460477803237
Thalamus;HDRFDST;MEAN;16.29491330726686
Thalamus;HDRFDST;STD;1.0843432614524633
WhiteMatter;ACURCY;MEAN;0.9748311670078081
WhiteMatter;ACURCY;STD;0.0024217371212375033
WhiteMatter;DICE;MEAN;0.8049113536754818
WhiteMatter;DICE;STD;0.021066727554995685
WhiteMatter;HDRFDST;MEAN;4.077003518618024
WhiteMatter;HDRFDST;STD;0.27936053618265716
