SUBJECT,DICE
118730.0,0.5575716807337419
117122.0,0.5130897008719623
120111.0,0.5358979770187011
122620.0,0.5668374018390642
124422.0,0.5986960604490925
118528.0,0.4924372143320067
123117.0,0.5133558157579998
122317.0,0.5617961235178356
123925.0,0.5384584687310364
118932.0,0.5324006896295422
