SUBJECT,DICE
118730.0,0.5586405380296458
117122.0,0.5269663689866482
120111.0,0.544015249689004
122620.0,0.5758657190170122
124422.0,0.6064370867791206
118528.0,0.5002103870045681
123117.0,0.5323261048735346
122317.0,0.5771823943416838
123925.0,0.5477971680515126
118932.0,0.5494139875248556
