SUBJECT,DICE
118730.0,0.5350545641289348
117122.0,0.5009918601841463
120111.0,0.518035909336867
122620.0,0.555050662084561
124422.0,0.5696970088985797
118528.0,0.48829012779612285
123117.0,0.5233650724365093
122317.0,0.54054733258499
123925.0,0.5260880940393117
118932.0,0.5295056115653785
