SUBJECT,DICE
118730.0,0.4900026880700325
117122.0,0.4293985093578761
120111.0,0.45268319527264544
122620.0,0.5040882674046379
124422.0,0.4895631219851014
118528.0,0.413329668266817
123117.0,0.4111033797523514
122317.0,0.4593403036454555
123925.0,0.4560583342101661
118932.0,0.4375537069585605
