SUBJECT,DICE
118730.0,0.5571595995965467
117122.0,0.5294072812677363
120111.0,0.547086772482096
122620.0,0.5776043620188089
124422.0,0.6048991751628957
118528.0,0.5055940220713615
123117.0,0.5338552416828293
122317.0,0.5805544669154425
123925.0,0.5516976556239459
118932.0,0.5524676045875941
