SUBJECT,DICE
118730.0,0.5379242215125571
117122.0,0.5092988964621347
120111.0,0.5296785508733802
122620.0,0.5536610353907243
124422.0,0.5869345017129763
118528.0,0.48700864657760345
123117.0,0.5300808556400829
122317.0,0.56001957774794
123925.0,0.5343323191669476
118932.0,0.5362876626451679
