SUBJECT,DICE
118730.0,0.5573253119091759
117122.0,0.529481537391989
120111.0,0.5453529982084983
122620.0,0.5768514238090797
124422.0,0.6064218278806321
118528.0,0.5050217876630844
123117.0,0.5326600398999674
122317.0,0.57799129295394
123925.0,0.5527410212668095
118932.0,0.5514723997229847
