SUBJECT,DICE
118730.0,0.514653715404567
117122.0,0.4626807341570227
120111.0,0.4854831610564663
122620.0,0.5165992973682444
124422.0,0.5159837301756987
118528.0,0.46127726523964063
123117.0,0.4899746311573033
122317.0,0.5097257608082575
123925.0,0.4895791180897427
118932.0,0.4986638240509009
