SUBJECT,DICE
118730.0,0.5650888547320964
117122.0,0.533578690859434
120111.0,0.5410289656061472
122620.0,0.6021083722918492
124422.0,0.629382411607635
118528.0,0.4953727735981627
123117.0,0.5473190520260056
122317.0,0.5916244191738443
123925.0,0.5723350702075999
118932.0,0.5506219935388541
