SUBJECT,DICE
118730.0,0.42909492971366814
117122.0,0.39169652275849814
120111.0,0.4051981077778466
122620.0,0.475169099624422
124422.0,0.5056021190768639
118528.0,0.3787773423499103
123117.0,0.37788514402442985
122317.0,0.43858856174850785
123925.0,0.41112832194213966
118932.0,0.41353878118889414
