SUBJECT,DICE
118730.0,0.49906735091221194
117122.0,0.4665800457672735
120111.0,0.4853614818421656
122620.0,0.542199729563822
124422.0,0.5703645167729634
118528.0,0.4534471801829734
123117.0,0.4664402054799739
122317.0,0.5162734622475821
123925.0,0.506680747303262
118932.0,0.48311420757148016
