SUBJECT,DICE
118730.0,0.5655741934611317
117122.0,0.5413816775791392
120111.0,0.5493561261969265
122620.0,0.6011071830060322
124422.0,0.6279633571549318
118528.0,0.504531040090258
123117.0,0.5534302120253111
122317.0,0.5943055874154162
123925.0,0.5779433958939951
118932.0,0.5501053702195657
