SUBJECT,DICE
118730.0,0.565744547255934
117122.0,0.5402016092043505
120111.0,0.5500157977163179
122620.0,0.6020488244955176
124422.0,0.629692757746925
118528.0,0.5066486619548031
123117.0,0.5546376612181568
122317.0,0.5940857814903182
123925.0,0.5780168131309315
118932.0,0.5507135314988638
