SUBJECT,DICE
118730.0,0.5520132896414837
117122.0,0.5259712038391392
120111.0,0.530253499097494
122620.0,0.5846732217034569
124422.0,0.611796093890777
118528.0,0.482604479971371
123117.0,0.5284893107589157
122317.0,0.5824077388472837
123925.0,0.5521363293105062
118932.0,0.5324002015257987
