SUBJECT,DICE
118730.0,0.5288783203335511
117122.0,0.5012220978466042
120111.0,0.5146139429250924
122620.0,0.5630001903648326
124422.0,0.6018204439918867
118528.0,0.47541919306081964
123117.0,0.5050853534420684
122317.0,0.5546922530264088
123925.0,0.5419517364752059
118932.0,0.5126740670347376
