SUBJECT,DICE
118730.0,0.4380633707286262
117122.0,0.4219101075595723
120111.0,0.4434019426676695
122620.0,0.4757205292138982
124422.0,0.5040427403460215
118528.0,0.41589937633643775
123117.0,0.4078206333570944
122317.0,0.4599550925761467
123925.0,0.4642249109835168
118932.0,0.4459179079607385
