SUBJECT,DICE
118730.0,0.46849396355196077
117122.0,0.4432766498265878
120111.0,0.4776740901267593
122620.0,0.5057752780064971
124422.0,0.5287139754770446
118528.0,0.44465430820729723
123117.0,0.44881485448609576
122317.0,0.4860342165131892
123925.0,0.48975475442547645
118932.0,0.46691214692168925
