SUBJECT,DICE
118730.0,0.5314691936476912
117122.0,0.4979835199771196
120111.0,0.5166401415545532
122620.0,0.56863348079408
124422.0,0.596868847997448
118528.0,0.49240848153673294
123117.0,0.49778687993301
122317.0,0.5529683662421846
123925.0,0.5396953725389941
118932.0,0.5124142529223323
