SUBJECT,DICE
118730.0,0.57170226325602
117122.0,0.5342296118078697
120111.0,0.5462896856787723
122620.0,0.6080958661459085
124422.0,0.627980671757355
118528.0,0.5209453465820701
123117.0,0.5638863950202861
122317.0,0.5967242106552659
123925.0,0.5764303896857316
118932.0,0.5586864924192175
