SUBJECT,DICE
118730.0,0.5563814382372538
117122.0,0.5184466870683361
120111.0,0.5339007307132995
122620.0,0.5892130115300753
124422.0,0.6102422034807132
118528.0,0.5099901947330386
123117.0,0.5351655750799807
122317.0,0.578837910053236
123925.0,0.5603589071763424
118932.0,0.5456991735496936
