SUBJECT,DICE
118730.0,0.5481188889459023
117122.0,0.5155516647315209
120111.0,0.5304367927950988
122620.0,0.5849730741876781
124422.0,0.6138881336497374
118528.0,0.5037353683498769
123117.0,0.5321500688952424
122317.0,0.5785204032660098
123925.0,0.5612557824604966
118932.0,0.5325717866762893
