SUBJECT,DICE
118730.0,0.4709088806411315
117122.0,0.4457420330441137
120111.0,0.4747857169085462
122620.0,0.5116448963080377
124422.0,0.5459683129176482
118528.0,0.4516157482919577
123117.0,0.425193755177025
122317.0,0.5036353673410311
123925.0,0.48554997442957337
118932.0,0.4472027199592483
