SUBJECT,DICE
118730.0,0.5728460968126207
117122.0,0.5328264819484835
120111.0,0.5471668045747806
122620.0,0.607186181094575
124422.0,0.6279628976205682
118528.0,0.5206078482337431
123117.0,0.5656409073448782
122317.0,0.5939524817868854
123925.0,0.5754873773052235
118932.0,0.5580116447135155
