SUBJECT,DICE
118730.0,0.5689719932252649
117122.0,0.5326743270635309
120111.0,0.5448007330917571
122620.0,0.6031482054991518
124422.0,0.6234923667312288
118528.0,0.5185235145828042
123117.0,0.5578422711167625
122317.0,0.5896189819016897
123925.0,0.5737008272526666
118932.0,0.5559601947126347
