SUBJECT,DICE
118730.0,0.48924989150603887
117122.0,0.4387877075445134
120111.0,0.47850174249500177
122620.0,0.5157083200372324
124422.0,0.5009685899111566
118528.0,0.4656726465541422
123117.0,0.4782162146444221
122317.0,0.48158525399285873
123925.0,0.47336338839768377
118932.0,0.4727323143417417
