SUBJECT,DICE
118730.0,0.5368059998159264
117122.0,0.45072678680522726
120111.0,0.5027838744958762
122620.0,0.5641939195528326
124422.0,0.5371393501276112
118528.0,0.47852466482538514
123117.0,0.5142600921558438
122317.0,0.5151594159173107
123925.0,0.5015788017791215
118932.0,0.5041655622277224
