SUBJECT,DICE
118730.0,0.5240488748866773
117122.0,0.45188057458220227
120111.0,0.49546685284794534
122620.0,0.5482949305975569
124422.0,0.5343886920027889
118528.0,0.47381036090823486
123117.0,0.5090337181641997
122317.0,0.5088485353143127
123925.0,0.5013061948443358
118932.0,0.49858881169930985
