SUBJECT,DICE
118730.0,0.5174339339928649
117122.0,0.44702149823600806
120111.0,0.49280211476128727
122620.0,0.5430500177733013
124422.0,0.5257127315163695
118528.0,0.4734027220505219
123117.0,0.4991644055305365
122317.0,0.4940836470360992
123925.0,0.49477303066329115
118932.0,0.49207174014649074
