SUBJECT,DICE
118730.0,0.5337051046418944
117122.0,0.4541541770784429
120111.0,0.5026196013604007
122620.0,0.5605689795738916
124422.0,0.5369955233522118
118528.0,0.4792239578522076
123117.0,0.5164307360322156
122317.0,0.5155005085601267
123925.0,0.5047202694909285
118932.0,0.5050267243115046
