SUBJECT,DICE
118730.0,0.534582744938333
117122.0,0.4493895902851823
120111.0,0.49539033229128504
122620.0,0.5573744187084977
124422.0,0.5372671800170211
118528.0,0.47520264195865924
123117.0,0.506424151395443
122317.0,0.5138649948965964
123925.0,0.4953898135354154
118932.0,0.49993496343973587
