SUBJECT,DICE
118730.0,0.5333281608295029
117122.0,0.4563908974409465
120111.0,0.5026898335844999
122620.0,0.5604472107056907
124422.0,0.5384242222750584
118528.0,0.4788275111901072
123117.0,0.5162767620022893
122317.0,0.5153377195196304
123925.0,0.5039460662096065
118932.0,0.5053377520772776
