SUBJECT,DICE
118730.0,0.4964220866709595
117122.0,0.4343494876950962
120111.0,0.48127659052614424
122620.0,0.5159533169439259
124422.0,0.5073747542953
118528.0,0.4642885614060807
123117.0,0.47316990772911477
122317.0,0.4819431624887178
123925.0,0.48311703430011593
118932.0,0.47687194237826624
