LABEL;METRIC;STATISTIC;VALUE
Amygdala;ACURCY;MEAN;0.9994422087840531
Amygdala;ACURCY;STD;5.592801746270869e-05
Amygdala;DICE;MEAN;0.5524526905153759
Amygdala;DICE;STD;0.04060956881135702
Amygdala;HDRFDST;MEAN;12.909711014637741
Amygdala;HDRFDST;STD;1.199733936563007
GreyMatter;ACURCY;MEAN;0.9562231644386717
GreyMatter;ACURCY;STD;0.0015249945121435723
GreyMatter;DICE;MEAN;0.7226602119258765
GreyMatter;DICE;STD;0.007887496803923795
GreyMatter;HDRFDST;MEAN;2.206449510224598
GreyMatter;HDRFDST;STD;0.36274034629419394
Hippocampus;ACURCY;MEAN;0.9985941448175385
Hippocampus;ACURCY;STD;0.00013347140379054126
Hippocampus;DICE;MEAN;0.58391279529965
Hippocampus;DICE;STD;0.018287579451847166
Hippocampus;HDRFDST;MEAN;13.127201150476235
Hippocampus;HDRFDST;STD;0.9362638276337206
Thalamus;ACURCY;MEAN;0.9986510535844975
Thalamus;ACURCY;STD;0.00018866838627257682
Thalamus;DICE;MEAN;0.7456025515572267
Thalamus;DICE;STD;0.025244674697316748
Thalamus;HDRFDST;MEAN;16.761339343922252
Thalamus;HDRFDST;STD;1.0283498421665285
WhiteMatter;ACURCY;MEAN;0.9775062709726441
WhiteMatter;ACURCY;STD;0.0014957460892198976
WhiteMatter;DICE;MEAN;0.8246172260076469
WhiteMatter;DICE;STD;0.016942975482252966
WhiteMatter;HDRFDST;MEAN;2.7513984845029156
WhiteMatter;HDRFDST;STD;0.3602865241374679
