SUBJECT,DICE
118730.0,0.5839909821622287
117122.0,0.5628537670418448
120111.0,0.5714413047645891
122620.0,0.6148673387414749
124422.0,0.6414274579071582
118528.0,0.5301475599739767
123117.0,0.5652556651583065
122317.0,0.6143081353987908
123925.0,0.5955400128832962
118932.0,0.5647232554064271
