SUBJECT,DICE
118730.0,0.43179576759259347
117122.0,0.4144192900653623
120111.0,0.44613661335976024
122620.0,0.455072955914964
124422.0,0.49453356743141597
118528.0,0.41567343556845365
123117.0,0.3843967908868941
122317.0,0.4491240851707328
123925.0,0.45082880894449684
118932.0,0.4301265236346804
