SUBJECT,DICE
118730.0,0.37564570543000336
117122.0,0.35513394787288494
120111.0,0.3785293903890678
122620.0,0.40980771202123256
124422.0,0.4419550565084996
118528.0,0.3575618443801207
123117.0,0.32037410397592014
122317.0,0.38460185024671434
123925.0,0.36985116749116065
118932.0,0.3630013745715241
