SUBJECT,DICE
118730.0,0.5626335917243247
117122.0,0.5397306940381743
120111.0,0.5465208937361563
122620.0,0.5794799489456669
124422.0,0.6169215424981325
118528.0,0.501763041724269
123117.0,0.5233362783255402
122317.0,0.5969454873636206
123925.0,0.5669061782114722
118932.0,0.5409653681718545
