SUBJECT,DICE
118730.0,0.5825179259651185
117122.0,0.55481992539949
120111.0,0.5589782185993204
122620.0,0.6162345194522114
124422.0,0.638223254541411
118528.0,0.5227136231855706
123117.0,0.5509073514476697
122317.0,0.6075729914999425
123925.0,0.5851038297922763
118932.0,0.5623771042494038
