SUBJECT,DICE
118730.0,0.4819896894637023
117122.0,0.46013987155199143
120111.0,0.4778024861349292
122620.0,0.5188627405926832
124422.0,0.5447359803505762
118528.0,0.44741631891266265
123117.0,0.42906005448617335
122317.0,0.489911709039748
123925.0,0.49138692544805435
118932.0,0.46025559503626334
