SUBJECT,DICE
118730.0,0.5224394273451288
117122.0,0.5030801254547657
120111.0,0.5207853599588478
122620.0,0.5541240478622559
124422.0,0.5934077292965094
118528.0,0.4854533986197017
123117.0,0.48838917616259414
122317.0,0.5475049593773365
123925.0,0.5401143837686216
118932.0,0.5070148003123444
