LABEL;METRIC;STATISTIC;VALUE
Amygdala;ACURCY;MEAN;0.9992691770844753
Amygdala;ACURCY;STD;8.214447199272147e-05
Amygdala;DICE;MEAN;0.4871772354658078
Amygdala;DICE;STD;0.045978799271754967
Amygdala;HDRFDST;MEAN;13.37774417233877
Amygdala;HDRFDST;STD;1.3549763316959043
GreyMatter;ACURCY;MEAN;0.9403289965325652
GreyMatter;ACURCY;STD;0.0018574827700120525
GreyMatter;DICE;MEAN;0.6336018727683767
GreyMatter;DICE;STD;0.011784979670077984
GreyMatter;HDRFDST;MEAN;2.3758819834774085
GreyMatter;HDRFDST;STD;0.23491445376446007
Hippocampus;ACURCY;MEAN;0.9983191683873585
Hippocampus;ACURCY;STD;0.00013608850796559364
Hippocampus;DICE;MEAN;0.5390494862075366
Hippocampus;DICE;STD;0.01876133729662733
Hippocampus;HDRFDST;MEAN;13.815788481649747
Hippocampus;HDRFDST;STD;0.8508752143024332
Thalamus;ACURCY;MEAN;0.9986446330491121
Thalamus;ACURCY;STD;0.00018385052223592797
Thalamus;DICE;MEAN;0.744743226268114
Thalamus;DICE;STD;0.024757000904975155
Thalamus;HDRFDST;MEAN;13.282265089879113
Thalamus;HDRFDST;STD;2.445697054456778
WhiteMatter;ACURCY;MEAN;0.9666499179450966
WhiteMatter;ACURCY;STD;0.0014651659966329889
WhiteMatter;DICE;MEAN;0.7509306262271702
WhiteMatter;DICE;STD;0.017844081424709404
WhiteMatter;HDRFDST;MEAN;3.1120082561215936
WhiteMatter;HDRFDST;STD;0.12411532472276274
