SUBJECT,DICE
118730.0,0.4913572862792618
117122.0,0.45056761487137303
120111.0,0.4750298047514115
122620.0,0.5308917014686346
124422.0,0.5529948854674829
118528.0,0.4368908970780339
123117.0,0.4575854033176791
122317.0,0.5070079066852778
123925.0,0.5013573131180478
118932.0,0.4572813659834423
