SUBJECT,DICE
118730.0,0.5409349843887749
117122.0,0.5023367975584887
120111.0,0.519901813703053
122620.0,0.570481499956153
124422.0,0.5915431362694581
118528.0,0.4738788129468809
123117.0,0.5123297065073832
122317.0,0.5572461646031726
123925.0,0.5428728953410888
118932.0,0.500533162004758
