SUBJECT,DICE
118730.0,0.4627345281376951
117122.0,0.41661586003337525
120111.0,0.44118592151856023
122620.0,0.503077599055408
124422.0,0.5150853683870117
118528.0,0.41111444246411355
123117.0,0.4247622937640405
122317.0,0.4638997657468842
123925.0,0.45545533192009496
118932.0,0.4243333325391885
