SUBJECT,DICE
118730.0,0.5405399018430304
117122.0,0.49139610142379625
120111.0,0.5055876187371234
122620.0,0.5696230374955548
124422.0,0.5870118585885435
118528.0,0.46181962233178797
123117.0,0.4971957265464866
122317.0,0.5497959327262557
123925.0,0.5322302215047169
118932.0,0.4955403815076848
