SUBJECT,DICE
118730.0,0.3924799049391159
117122.0,0.33193651267516444
120111.0,0.3577674968556491
122620.0,0.42061710078512315
124422.0,0.43642617551099566
118528.0,0.3406521607413495
123117.0,0.3591164726477376
122317.0,0.3888526799129785
123925.0,0.3733706717618708
118932.0,0.36072252911093233
