SUBJECT,DICE
118730.0,0.5305078111080371
117122.0,0.4739273094562968
120111.0,0.4948673505778345
122620.0,0.5547185366691411
124422.0,0.5680439784839436
118528.0,0.4416157638544854
123117.0,0.4764182581623311
122317.0,0.5345456223108989
123925.0,0.5101674162565879
118932.0,0.4753154223191064
