SUBJECT,DICE
118730.0,0.5404157120787524
117122.0,0.5026260872350623
120111.0,0.5175769787535164
122620.0,0.5699894479147724
124422.0,0.5908396392077961
118528.0,0.4723267211352539
123117.0,0.5127494571248213
122317.0,0.5569212677064377
123925.0,0.5428616323160832
118932.0,0.5007282649101992
