SUBJECT,DICE
118730.0,0.43636101740438904
117122.0,0.3766021983720642
120111.0,0.42071056265371215
122620.0,0.4511383030136114
124422.0,0.4708680250005998
118528.0,0.3950478585169564
123117.0,0.3768371481988903
122317.0,0.4346910957850847
123925.0,0.4288638451626388
118932.0,0.40680654883090694
