SUBJECT,DICE
118730.0,0.5165591811641352
117122.0,0.4529994723202969
120111.0,0.4953385675666356
122620.0,0.5309250389272739
124422.0,0.549749157999192
118528.0,0.47674025463621345
123117.0,0.5096156097131092
122317.0,0.49230431931233776
123925.0,0.5068363372007819
118932.0,0.5021525503504679
