SUBJECT,DICE
118730.0,0.5241670962913186
117122.0,0.4887896564585222
120111.0,0.5172045272869062
122620.0,0.5526318321103091
124422.0,0.5797544937652527
118528.0,0.4829911619286669
123117.0,0.48762143421803744
122317.0,0.5377680741528993
123925.0,0.5347674138860163
118932.0,0.5044888318625421
