SUBJECT,DICE
118730.0,0.5446856610873871
117122.0,0.5113445975352086
120111.0,0.5298066006958138
122620.0,0.5687493672908956
124422.0,0.6045291289736249
118528.0,0.4941995722669872
123117.0,0.5241242592273623
122317.0,0.5674256380640469
123925.0,0.5593151909622885
118932.0,0.5276813689741795
