SUBJECT,DICE
118730.0,0.4624100077965435
117122.0,0.43505883309409554
120111.0,0.4680516772977264
122620.0,0.48988638262100964
124422.0,0.5086398600298806
118528.0,0.4341936657392581
123117.0,0.4373076359269975
122317.0,0.47201730587359764
123925.0,0.47432734684315225
118932.0,0.4588870686995295
