SUBJECT,DICE
118730.0,0.5714225527867893
117122.0,0.5338387934220217
120111.0,0.5488442355305984
122620.0,0.5964971739451105
124422.0,0.6224116078834533
118528.0,0.5134924940029024
123117.0,0.5654159773083534
122317.0,0.5903380945051929
123925.0,0.5750632985022335
118932.0,0.5566320694227102
