SUBJECT,DICE
118730.0,0.45072924542214854
117122.0,0.4339293075601467
120111.0,0.4637498832346549
122620.0,0.48822124120107246
124422.0,0.5178726649596358
118528.0,0.4406633226911877
123117.0,0.4141687989157503
122317.0,0.47976368813756837
123925.0,0.4633075542101594
118932.0,0.43363729115853283
