SUBJECT,DICE
118730.0,0.5736584833729835
117122.0,0.5318922266933946
120111.0,0.5493202321181836
122620.0,0.5953877487038259
124422.0,0.6208832994295769
118528.0,0.5119195226575242
123117.0,0.563424965822422
122317.0,0.5910265297846748
123925.0,0.5778231783816938
118932.0,0.5547176614086987
