SUBJECT,DICE
118730.0,0.5546758291214862
117122.0,0.5109433239635335
120111.0,0.5321703469069511
122620.0,0.5821101420298969
124422.0,0.6023271306321334
118528.0,0.4998090822615023
123117.0,0.533415133914123
122317.0,0.5723664676942051
123925.0,0.5540775778205647
118932.0,0.5415552059544079
