SUBJECT,DICE
118730.0,0.5717941800065437
117122.0,0.5287706668413865
120111.0,0.5449068571398694
122620.0,0.5970537419534383
124422.0,0.6179832858932236
118528.0,0.5118256460689338
123117.0,0.555707654162606
122317.0,0.5867440382857967
123925.0,0.5696955739339241
118932.0,0.5555217122718306
