SUBJECT,DICE
118730.0,0.5239738354972063
117122.0,0.4472120264338154
120111.0,0.5003071993393085
122620.0,0.541410046574512
124422.0,0.5308706237556021
118528.0,0.4728748053907439
123117.0,0.5061637337425681
122317.0,0.5103112673297449
123925.0,0.5001064581222356
118932.0,0.49622367714681365
