SUBJECT,DICE
118730.0,0.5333664165736078
117122.0,0.4506098862806258
120111.0,0.4996061773155018
122620.0,0.5482256939747518
124422.0,0.5311440320627219
118528.0,0.47706723125726014
123117.0,0.5057165395990579
122317.0,0.5139466223218617
123925.0,0.4972952264387018
118932.0,0.5034776553865364
