SUBJECT,DICE
118730.0,0.5048370928152114
117122.0,0.43887719556943827
120111.0,0.48492564486605205
122620.0,0.5219718654299051
124422.0,0.5084994303261783
118528.0,0.46665143184955005
123117.0,0.48470730183587446
122317.0,0.48746754629456346
123925.0,0.48669246939132366
118932.0,0.48245203254860247
