SUBJECT,DICE
118730.0,0.5314753390119272
117122.0,0.45019155199580335
120111.0,0.5037886296199148
122620.0,0.5537065462887409
124422.0,0.5330015072093194
118528.0,0.4748199054959619
123117.0,0.5102875713958813
122317.0,0.5155516407628876
123925.0,0.5000314461771186
118932.0,0.5038283105370709
