SUBJECT,DICE
118730.0,0.5224309580855954
117122.0,0.44402336841616197
120111.0,0.4951252654037068
122620.0,0.5388365104763239
124422.0,0.5216577664830225
118528.0,0.46880216130127755
123117.0,0.5009951126041461
122317.0,0.4997902002008306
123925.0,0.49133214144857446
118932.0,0.49048140587560873
