SUBJECT,DICE
118730.0,0.532982199082776
117122.0,0.45059108675801524
120111.0,0.5058582388916192
122620.0,0.5542233202077328
124422.0,0.5341552420322111
118528.0,0.47292275985097915
123117.0,0.5119208880275798
122317.0,0.5165494315095094
123925.0,0.5008956626126804
118932.0,0.5020163338942945
