SUBJECT,DICE
118730.0,0.532906802783401
117122.0,0.4498550860332172
120111.0,0.5047526690734716
122620.0,0.5527853242975735
124422.0,0.534592505420798
118528.0,0.4744250113219676
123117.0,0.513300266911937
122317.0,0.5160270035605002
123925.0,0.5004834834456667
118932.0,0.5017745714161241
