SUBJECT,DICE
118730.0,0.5248159097767455
117122.0,0.4486072491675661
120111.0,0.4902781610551511
122620.0,0.5315945493097091
124422.0,0.524496999834773
118528.0,0.4733872733732681
123117.0,0.4807765065849462
122317.0,0.5064931873864403
123925.0,0.49410943926738354
118932.0,0.491694786529675
